{
	"credit": "Made with Blockbench",
	"parent": "steam_block",
	"textures": {
		"0": "intricraft:blocks/steam_block",
		"particle": "intricraft:blocks/steam_block"
	},
	"elements": [
		{
			"from": [1, 2, 9],
			"to": [7, 6, 15],
			"faces": {
				"north": {"uv": [6, 0, 12, 2], "texture": "#0"},
				"east": {"uv": [6, 2, 12, 4], "texture": "#0"},
				"south": {"uv": [6, 4, 12, 8], "texture": "#0"},
				"west": {"uv": [6, 6, 12, 10], "texture": "#0"},
				"up": {"uv": [6, 6, 0, 0], "texture": "#0"},
				"down": {"uv": [6, 6, 0, 12], "texture": "#0"}
			}
		},
		{
			"from": [6, 1, 1],
			"to": [11, 5, 5],
			"faces": {
				"north": {"uv": [6, 0, 10, 4], "texture": "#0"},
				"east": {"uv": [6, 2, 12, 4], "texture": "#0"},
				"south": {"uv": [6, 4, 12, 6], "texture": "#0"},
				"west": {"uv": [6, 6, 10, 10], "texture": "#0"},
				"up": {"uv": [6, 6, 0, 0], "texture": "#0"},
				"down": {"uv": [4, 6, 0, 10], "texture": "#0"}
			}
		},
		{
			"from": [9, 1, 2],
			"to": [15, 8, 8],
			"faces": {
				"north": {"uv": [6, 0, 12, 7], "texture": "#0"},
				"east": {"uv": [6, 2, 12, 9], "texture": "#0"},
				"south": {"uv": [6, 4, 12, 6], "texture": "#0"},
				"west": {"uv": [6, 6, 12, 13], "texture": "#0"},
				"up": {"uv": [6, 6, 0, 0], "texture": "#0"},
				"down": {"uv": [6, 6, 0, 12], "texture": "#0"}
			}
		},
		{
			"from": [9, 2, 8],
			"to": [14, 5, 15],
			"faces": {
				"north": {"uv": [6, 0, 12, 2], "texture": "#0"},
				"east": {"uv": [6, 2, 13, 5], "texture": "#0"},
				"south": {"uv": [6, 4, 11, 7], "texture": "#0"},
				"west": {"uv": [6, 6, 13, 9], "texture": "#0"},
				"up": {"uv": [6, 6, 0, 0], "texture": "#0"},
				"down": {"uv": [6, 6, 0, 12], "texture": "#0"}
			}
		},
		{
			"from": [3, 6, 3],
			"to": [10, 12, 9],
			"faces": {
				"north": {"uv": [3, 2, 10, 8], "texture": "#0"},
				"east": {"uv": [6, 2, 12, 8], "texture": "#0"},
				"south": {"uv": [6, 4, 13, 10], "texture": "#0"},
				"west": {"uv": [6, 6, 12, 12], "texture": "#0"},
				"up": {"uv": [6, 6, 0, 0], "texture": "#0"},
				"down": {"uv": [6, 6, 0, 12], "texture": "#0"}
			}
		},
		{
			"from": [5, 4, 9],
			"to": [13, 9, 14],
			"faces": {
				"north": {"uv": [6, 0, 12, 2], "texture": "#0"},
				"east": {"uv": [6, 2, 11, 7], "texture": "#0"},
				"south": {"uv": [6, 4, 14, 9], "texture": "#0"},
				"west": {"uv": [6, 6, 11, 11], "texture": "#0"},
				"up": {"uv": [6, 6, 0, 0], "texture": "#0"},
				"down": {"uv": [6, 6, 0, 12], "texture": "#0"}
			}
		},
		{
			"from": [1, 2, 1],
			"to": [6, 7, 8],
			"faces": {
				"north": {"uv": [10, 0, 15, 5], "texture": "#0"},
				"east": {"uv": [6, 2, 12, 4], "texture": "#0"},
				"south": {"uv": [6, 4, 12, 6], "texture": "#0"},
				"west": {"uv": [6, 6, 13, 11], "texture": "#0"},
				"up": {"uv": [6, 6, 0, 0], "texture": "#0"},
				"down": {"uv": [6, 6, 0, 12], "texture": "#0"}
			}
		}
	],
	"groups": [
		{
			"name": "root",
			"origin": [8, 8, 8],
			"color": 0,
			"children": [0, 1, 2, 3, 4, 5, 6]
		}
	]
}