{"stats":{"minecraft:picked_up":{"intricraft:mining_laser":1,"minecraft:wheat_seeds":2,"minecraft:dirt":6},"minecraft:custom":{"minecraft:jump":13,"minecraft:time_since_rest":2631,"minecraft:crouch_one_cm":1,"minecraft:play_one_minute":2631,"minecraft:leave_game":2,"minecraft:damage_taken":60,"minecraft:time_since_death":2631,"minecraft:walk_one_cm":10602,"minecraft:sneak_time":20,"minecraft:fall_one_cm":1033},"minecraft:used":{"intricraft:mining_laser":144,"minecraft:dirt":4}},"DataVersion":2586}