{"stats":{"minecraft:dropped":{"intricraft:mining_laser":1},"minecraft:custom":{"minecraft:jump":10,"minecraft:time_since_rest":3011,"minecraft:damage_dealt":10,"minecraft:crouch_one_cm":30,"minecraft:play_one_minute":3011,"minecraft:leave_game":2,"minecraft:damage_taken":10,"minecraft:time_since_death":3011,"minecraft:walk_one_cm":9099,"minecraft:sneak_time":49,"minecraft:fly_one_cm":2324,"minecraft:fall_one_cm":360,"minecraft:drop":1},"minecraft:used":{"intricraft:demonic_amulet":1},"minecraft:mined":{"minecraft:grass":1}},"DataVersion":2586}