{"stats":{"minecraft:custom":{"minecraft:jump":3,"minecraft:time_since_rest":1929,"minecraft:crouch_one_cm":625,"minecraft:damage_dealt":20,"minecraft:play_one_minute":1929,"minecraft:leave_game":2,"minecraft:sprint_one_cm":189,"minecraft:time_since_death":1929,"minecraft:walk_one_cm":8983,"minecraft:sneak_time":139,"minecraft:mob_kills":1,"minecraft:fly_one_cm":2624},"minecraft:used":{"minecraft:splash_potion":5,"intricraft:demonic_amulet":1},"minecraft:killed":{"intricraft:sloth":1}},"DataVersion":2586}