{"stats":{"minecraft:picked_up":{"minecraft:cooked_porkchop":124,"intricraft:jetpack_solid_fuel":5,"minecraft:coal":256},"minecraft:custom":{"minecraft:jump":68,"minecraft:time_since_rest":661,"minecraft:leave_game":1,"minecraft:play_one_minute":5696,"minecraft:walk_on_water_one_cm":77,"minecraft:deaths":4,"minecraft:sprint_one_cm":3753,"minecraft:damage_taken":1760,"minecraft:time_since_death":614,"minecraft:walk_one_cm":11618,"minecraft:fall_one_cm":22416,"minecraft:fly_one_cm":10242},"minecraft:used":{"minecraft:cooked_porkchop":2}},"DataVersion":2586}