{
  "credit": "Made with Blockbench",
  "texture_size": [32, 16],
  "textures": {
    "0": "intricraft:blocks/conveyor_belt",
    "2": "intricraft:blocks/conveyor_sides",
    "particle": "intricraft:blocks/conveyor_belt"
  },
  "elements": [
    {
      "name": "sides",
      "from": [0, 1, 1],
      "to": [16, 15, 15],
      "faces": {
        "north": {"uv": [8, 0, 16, 16], "texture": "#2"},
        "east": {"uv": [0.5, 1, 7.5, 15], "texture": "#2"},
        "south": {"uv": [8, 0, 16, 16], "texture": "#2"},
        "west": {"uv": [0.5, 1, 7.5, 15], "texture": "#2"},
        "up": {"uv": [8, 0, 16, 16], "texture": "#2"},
        "down": {"uv": [8, 0, 16, 16], "texture": "#2"}
      }
    },
    {
      "name": "belt",
      "from": [1, 0, 0],
      "to": [15, 16, 16],
      "faces": {
        "north": {"uv": [0.5, 16, 7.5, 0], "texture": "#0"},
        "east": {"uv": [8.5, 0, 15.5, 16], "texture": "#0"},
        "south": {"uv": [0.5, 0, 7.5, 16], "texture": "#0"},
        "west": {"uv": [8.5, 0, 15.5, 16], "texture": "#0"},
        "up": {"uv": [8.5, 0, 15.5, 16], "texture": "#0"},
        "down": {"uv": [8.5, 0, 15.5, 16], "texture": "#0"}
      }
    }
  ],
  "display": {
    "thirdperson_righthand": {
      "rotation": [22, 27, 0],
      "scale": [0.3, 0.3, 0.3]
    },
    "thirdperson_lefthand": {
      "rotation": [22, 27, 0],
      "scale": [0.3, 0.3, 0.3]
    },
    "firstperson_righthand": {
      "rotation": [22, 27, 0],
      "scale": [0.3, 0.3, 0.3]
    },
    "firstperson_lefthand": {
      "rotation": [22, 27, 0],
      "scale": [0.3, 0.3, 0.3]
    },
    "ground": {
      "scale": [0.3, 0.3, 0.3]
    },
    "gui": {
      "rotation": [-165, 32, 0],
      "translation": [-0.5, 0, 0],
      "scale": [0.7, 0.7, 0.7]
    },
    "head": {
      "translation": [0, 0, -1]
    }
  }
}