{
	"credit": "Made with Blockbench",
	"texture_size": [32, 48],
	"textures": {
		"0": "intricraft:blocks/crusher_block",
		"particle": "intricraft:blocks/crusher_block"
	},
	"elements": [
		{
			"name": "frame",
			"from": [0, 0, 1.5],
			"to": [16, 16, 16],
			"faces": {
				"north": {"uv": [1, 0, 9, 5.33333], "texture": "#0"},
				"east": {"uv": [9, 0, 16, 5.33333], "texture": "#0"},
				"south": {"uv": [1, 5.33333, 9, 10.66667], "texture": "#0"},
				"west": {"uv": [9, 5.33333, 16, 10.66667], "texture": "#0"},
				"up": {"uv": [8, 10.66667, 16, 15.33333], "texture": "#0"},
				"down": {"uv": [8, 10.66667, 16, 15.33333], "texture": "#0"}
			}
		},
		{
			"name": "bladepart",
			"from": [2, 8, -1],
			"to": [14, 13, 4],
			"rotation": {"angle": 0, "axis": "x", "origin": [8, 10.5, 1.5]},
			"faces": {
				"north": {"uv": [2, 10.66667, 8, 12.33333], "texture": "#0"},
				"east": {"uv": [5.5, 13, 8, 14.66667], "texture": "#0"},
				"south": {"uv": [2, 10.66667, 8, 12.33333], "texture": "#0"},
				"west": {"uv": [5.5, 13, 8, 14.66667], "texture": "#0"},
				"up": {"uv": [2, 10.66667, 8, 12.33333], "texture": "#0"},
				"down": {"uv": [2, 10.66667, 8, 12.33333], "texture": "#0"}
			}
		},
		{
			"name": "bladepart",
			"from": [2, 3, -1],
			"to": [14, 8, 4],
			"rotation": {"angle": 0, "axis": "x", "origin": [8, 5.5, 1.5]},
			"faces": {
				"north": {"uv": [2, 10.66667, 8, 12.33333], "rotation": 180, "texture": "#0"},
				"east": {"uv": [5.5, 13, 8, 14.66667], "rotation": 270, "texture": "#0"},
				"south": {"uv": [2, 10.66667, 8, 12.33333], "texture": "#0"},
				"west": {"uv": [5.5, 13, 8, 14.66667], "rotation": 90, "texture": "#0"},
				"up": {"uv": [2, 10.66667, 8, 12.33333], "rotation": 180, "texture": "#0"},
				"down": {"uv": [2, 10.66667, 8, 12.33333], "texture": "#0"}
			}
		}
	],
	"display": {
		"thirdperson_righthand": {
			"rotation": [22, 27, 0],
			"scale": [0.3, 0.3, 0.3]
		},
		"thirdperson_lefthand": {
			"rotation": [22, 27, 0],
			"scale": [0.3, 0.3, 0.3]
		},
		"firstperson_righthand": {
			"rotation": [22, 27, 0],
			"scale": [0.3, 0.3, 0.3]
		},
		"firstperson_lefthand": {
			"rotation": [22, 27, 0],
			"scale": [0.3, 0.3, 0.3]
		},
		"ground": {
			"scale": [0.3, 0.3, 0.3]
		},
		"gui": {
			"rotation": [-165, 32, 0],
			"translation": [-0.5, 0, 0],
			"scale": [0.7, 0.7, 0.7]
		},
		"head": {
			"translation": [0, 0, -1]
		}
	},
	"groups": [
		{
			"name": "main",
			"origin": [0, 0, 0],
			"color": 0,
			"children": [0]
		},
		{
			"name": "blades",
			"origin": [8, 8, 8],
			"color": 0,
			"children": [
				{
					"name": "blade_top",
					"origin": [8, 8, 8],
					"color": 0,
					"children": [1]
				},
				{
					"name": "blade_bottom",
					"origin": [8, 8, 8],
					"color": 0,
					"children": [2]
				}
			]
		}
	]
}