{
	"credit": "Made with Blockbench",
	"parent": "steam_block",
	"textures": {
		"0": "intricraft:blocks/steam_block",
		"particle": "intricraft:blocks/steam_block"
	},
	"elements": [
		{
			"from": [10, 1, 10],
			"to": [14, 3, 14],
			"faces": {
				"north": {"uv": [6, 0, 12, 2], "texture": "#0"},
				"east": {"uv": [6, 2, 12, 4], "texture": "#0"},
				"south": {"uv": [6, 4, 12, 6], "texture": "#0"},
				"west": {"uv": [6, 6, 12, 8], "texture": "#0"},
				"up": {"uv": [6, 6, 0, 0], "texture": "#0"},
				"down": {"uv": [6, 6, 0, 12], "texture": "#0"}
			}
		},
		{
			"from": [2, 2, 6],
			"to": [6, 4, 10],
			"faces": {
				"north": {"uv": [6, 0, 12, 2], "texture": "#0"},
				"east": {"uv": [6, 2, 12, 4], "texture": "#0"},
				"south": {"uv": [6, 4, 12, 6], "texture": "#0"},
				"west": {"uv": [6, 6, 12, 8], "texture": "#0"},
				"up": {"uv": [6, 6, 0, 0], "texture": "#0"},
				"down": {"uv": [6, 6, 0, 12], "texture": "#0"}
			}
		},
		{
			"from": [9, 0, 2],
			"to": [12, 2, 5],
			"faces": {
				"north": {"uv": [6, 0, 12, 2], "texture": "#0"},
				"east": {"uv": [6, 2, 12, 4], "texture": "#0"},
				"south": {"uv": [6, 4, 12, 6], "texture": "#0"},
				"west": {"uv": [6, 6, 12, 8], "texture": "#0"},
				"up": {"uv": [6, 6, 0, 0], "texture": "#0"},
				"down": {"uv": [6, 6, 0, 12], "texture": "#0"}
			}
		}
	],
	"groups": [
		{
			"name": "root",
			"origin": [8, 8, 8],
			"color": 0,
			"children": [0, 1, 2]
		}
	]
}