{
	"credit": "Made with Blockbench",
	"parent": "steam_block",
	"textures": {
		"0": "intricraft:blocks/steam_block",
		"particle": "intricraft:blocks/steam_block"
	},
	"elements": [
		{
			"from": [0, 1, 9],
			"to": [8, 11, 16],
			"faces": {
				"north": {"uv": [6, 0, 14, 10], "texture": "#0"},
				"east": {"uv": [6, 2, 12, 4], "texture": "#0"},
				"south": {"uv": [6, 4, 14, 14], "texture": "#0"},
				"west": {"uv": [6, 6, 13, 16], "texture": "#0"},
				"up": {"uv": [8, 7, 0, 0], "texture": "#0"},
				"down": {"uv": [8, 6, 0, 13], "texture": "#0"}
			}
		},
		{
			"from": [0, 4, 1],
			"to": [14, 13, 9],
			"faces": {
				"north": {"uv": [2, 2, 16, 11], "texture": "#0"},
				"east": {"uv": [6, 2, 14, 11], "texture": "#0"},
				"south": {"uv": [6, 4, 12, 6], "texture": "#0"},
				"west": {"uv": [6, 6, 14, 15], "texture": "#0"},
				"up": {"uv": [14, 8, 0, 0], "texture": "#0"},
				"down": {"uv": [6, 6, 0, 12], "texture": "#0"}
			}
		},
		{
			"from": [8, 0, 9],
			"to": [15, 14, 15],
			"faces": {
				"north": {"uv": [6, 0, 13, 14], "texture": "#0"},
				"east": {"uv": [6, 2, 12, 16], "texture": "#0"},
				"south": {"uv": [8, 2, 15, 16], "texture": "#0"},
				"west": {"uv": [6, 6, 12, 8], "texture": "#0"},
				"up": {"uv": [7, 6, 0, 0], "texture": "#0"},
				"down": {"uv": [7, 6, 0, 12], "texture": "#0"}
			}
		},
		{
			"from": [1, 0, 0],
			"to": [16, 9, 9],
			"faces": {
				"north": {"uv": [1, 0, 16, 9], "texture": "#0"},
				"east": {"uv": [6, 2, 15, 11], "texture": "#0"},
				"south": {"uv": [0, 6, 15, 15], "texture": "#0"},
				"west": {"uv": [6, 6, 15, 15], "texture": "#0"},
				"up": {"uv": [15, 13, 0, 4], "texture": "#0"},
				"down": {"uv": [15, 6, 0, 15], "texture": "#0"}
			}
		}
	],
	"groups": [
		{
			"name": "root",
			"origin": [8, 8, 8],
			"color": 0,
			"children": [0, 1, 2, 3]
		}
	]
}