{
	"credit": "Made with Blockbench",
	"parent": "steam_block",
	"textures": {
		"0": "intricraft:blocks/steam_block",
		"particle": "intricraft:blocks/steam_block"
	},
	"elements": [
		{
			"from": [9, 3, 9],
			"to": [14, 7, 14],
			"faces": {
				"north": {"uv": [3, 0, 8, 4], "texture": "#0"},
				"east": {"uv": [6, 2, 11, 6], "texture": "#0"},
				"south": {"uv": [8, 3, 13, 7], "texture": "#0"},
				"west": {"uv": [11, 2, 16, 6], "texture": "#0"},
				"up": {"uv": [10, 6, 5, 1], "texture": "#0"},
				"down": {"uv": [7, 10, 2, 15], "texture": "#0"}
			}
		},
		{
			"from": [1, 1, 2],
			"to": [6, 6, 7],
			"faces": {
				"north": {"uv": [8, 2, 13, 7], "texture": "#0"},
				"east": {"uv": [4, 11, 9, 16], "texture": "#0"},
				"south": {"uv": [3, 5, 8, 10], "texture": "#0"},
				"west": {"uv": [6, 6, 11, 11], "texture": "#0"},
				"up": {"uv": [8, 13, 3, 8], "texture": "#0"},
				"down": {"uv": [8, 6, 3, 11], "texture": "#0"}
			}
		},
		{
			"from": [10, 2, 3],
			"to": [15, 5, 8],
			"faces": {
				"north": {"uv": [10, 0, 15, 3], "texture": "#0"},
				"east": {"uv": [11, 10, 16, 13], "texture": "#0"},
				"south": {"uv": [6, 4, 11, 7], "texture": "#0"},
				"west": {"uv": [6, 6, 11, 9], "texture": "#0"},
				"up": {"uv": [6, 15, 1, 10], "texture": "#0"},
				"down": {"uv": [8, 2, 3, 7], "texture": "#0"}
			}
		},
		{
			"from": [5, 4, 4],
			"to": [10, 8, 9],
			"faces": {
				"north": {"uv": [6, 0, 11, 4], "texture": "#0"},
				"east": {"uv": [3, 0, 8, 4], "texture": "#0"},
				"south": {"uv": [7, 5, 12, 9], "texture": "#0"},
				"west": {"uv": [6, 5, 11, 9], "texture": "#0"},
				"up": {"uv": [5, 5, 0, 0], "texture": "#0"},
				"down": {"uv": [13, 9, 8, 14], "texture": "#0"}
			}
		},
		{
			"from": [3, 2, 10],
			"to": [8, 5, 15],
			"faces": {
				"north": {"uv": [5, 4, 10, 7], "texture": "#0"},
				"east": {"uv": [3, 7, 8, 10], "texture": "#0"},
				"south": {"uv": [6, 4, 11, 7], "texture": "#0"},
				"west": {"uv": [8, 8, 13, 11], "texture": "#0"},
				"up": {"uv": [16, 14, 11, 9], "texture": "#0"},
				"down": {"uv": [15, 10, 10, 15], "texture": "#0"}
			}
		}
	],
	"groups": [
		{
			"name": "root",
			"origin": [8, 8, 8],
			"color": 0,
			"children": [0, 1, 2, 3, 4]
		}
	]
}