{
	"credit": "Made with Blockbench",
	"parent": "steam_block",
	"textures": {
		"0": "intricraft:blocks/steam_block",
		"particle": "intricraft:blocks/steam_block"
	},
	"elements": [
		{
			"from": [9, 1, 9],
			"to": [14, 4, 14],
			"faces": {
				"north": {"uv": [9, 4, 14, 7], "texture": "#0"},
				"east": {"uv": [9, 10, 14, 13], "texture": "#0"},
				"south": {"uv": [6, 4, 11, 7], "texture": "#0"},
				"west": {"uv": [6, 6, 11, 9], "texture": "#0"},
				"up": {"uv": [5, 5, 0, 0], "texture": "#0"},
				"down": {"uv": [5, 6, 0, 11], "texture": "#0"}
			}
		},
		{
			"from": [9, 3, 2],
			"to": [13, 6, 6],
			"faces": {
				"north": {"uv": [6, 0, 10, 3], "texture": "#0"},
				"east": {"uv": [6, 2, 10, 5], "texture": "#0"},
				"south": {"uv": [6, 1, 10, 4], "texture": "#0"},
				"west": {"uv": [3, 7, 7, 10], "texture": "#0"},
				"up": {"uv": [14, 9, 10, 5], "texture": "#0"},
				"down": {"uv": [15, 8, 11, 12], "texture": "#0"}
			}
		},
		{
			"from": [2, 0, 6],
			"to": [7, 3, 11],
			"faces": {
				"north": {"uv": [11, 2, 16, 5], "texture": "#0"},
				"east": {"uv": [0, 3, 5, 6], "texture": "#0"},
				"south": {"uv": [4, 7, 9, 10], "texture": "#0"},
				"west": {"uv": [6, 8, 11, 11], "texture": "#0"},
				"up": {"uv": [12, 6, 7, 1], "texture": "#0"},
				"down": {"uv": [8, 9, 3, 14], "texture": "#0"}
			}
		}
	],
	"groups": [
		{
			"name": "root",
			"origin": [8, 8, 8],
			"color": 0,
			"children": [0, 1, 2]
		}
	]
}