{
	"credit": "Made with Blockbench",
	"parent": "steam_block",
	"textures": {
		"0": "intricraft:blocks/steam_block",
		"particle": "intricraft:blocks/steam_block"
	},
	"elements": [
		{
			"from": [1, 2, 9],
			"to": [7, 6, 15],
			"faces": {
				"north": {"uv": [6, 0, 12, 4], "texture": "#0"},
				"east": {"uv": [6, 2, 12, 4], "texture": "#0"},
				"south": {"uv": [10, 3, 16, 7], "texture": "#0"},
				"west": {"uv": [10, 11, 16, 15], "texture": "#0"},
				"up": {"uv": [9, 7, 3, 1], "texture": "#0"},
				"down": {"uv": [10, 9, 4, 15], "texture": "#0"}
			}
		},
		{
			"from": [3, 1, 7],
			"to": [7, 5, 11],
			"faces": {
				"north": {"uv": [6, 0, 10, 4], "texture": "#0"},
				"east": {"uv": [6, 2, 12, 4], "texture": "#0"},
				"south": {"uv": [6, 4, 12, 6], "texture": "#0"},
				"west": {"uv": [6, 6, 12, 8], "texture": "#0"},
				"up": {"uv": [6, 6, 0, 0], "texture": "#0"},
				"down": {"uv": [6, 6, 0, 12], "texture": "#0"}
			}
		},
		{
			"from": [9, 1, 2],
			"to": [14, 6, 8],
			"faces": {
				"north": {"uv": [3, 3, 8, 8], "texture": "#0"},
				"east": {"uv": [6, 2, 12, 7], "texture": "#0"},
				"south": {"uv": [6, 4, 12, 6], "texture": "#0"},
				"west": {"uv": [6, 6, 12, 8], "texture": "#0"},
				"up": {"uv": [6, 15, 0, 9], "texture": "#0"},
				"down": {"uv": [10, 6, 4, 12], "texture": "#0"}
			}
		},
		{
			"from": [10, 2, 10],
			"to": [15, 5, 15],
			"faces": {
				"north": {"uv": [6, 0, 11, 3], "texture": "#0"},
				"east": {"uv": [4, 11, 9, 14], "texture": "#0"},
				"south": {"uv": [2, 8, 7, 11], "texture": "#0"},
				"west": {"uv": [6, 6, 12, 8], "texture": "#0"},
				"up": {"uv": [6, 6, 0, 0], "texture": "#0"},
				"down": {"uv": [14, 2, 8, 8], "texture": "#0"}
			}
		},
		{
			"from": [5, 6, 4],
			"to": [10, 10, 9],
			"faces": {
				"north": {"uv": [6, 11, 11, 15], "texture": "#0"},
				"east": {"uv": [10, 1, 15, 5], "texture": "#0"},
				"south": {"uv": [0, 2, 5, 6], "texture": "#0"},
				"west": {"uv": [6, 6, 11, 10], "texture": "#0"},
				"up": {"uv": [14, 14, 8, 8], "texture": "#0"},
				"down": {"uv": [15, 4, 9, 10], "texture": "#0"}
			}
		},
		{
			"from": [8, 4, 9],
			"to": [13, 8, 14],
			"faces": {
				"north": {"uv": [6, 0, 11, 4], "texture": "#0"},
				"east": {"uv": [3, 1, 8, 5], "texture": "#0"},
				"south": {"uv": [6, 4, 11, 8], "texture": "#0"},
				"west": {"uv": [5, 10, 10, 14], "texture": "#0"},
				"up": {"uv": [15, 6, 9, 0], "texture": "#0"},
				"down": {"uv": [6, 6, 0, 12], "texture": "#0"}
			}
		},
		{
			"from": [1, 2, 1],
			"to": [6, 6, 6],
			"faces": {
				"north": {"uv": [6, 0, 11, 4], "texture": "#0"},
				"east": {"uv": [6, 2, 12, 4], "texture": "#0"},
				"south": {"uv": [6, 4, 12, 6], "texture": "#0"},
				"west": {"uv": [11, 4, 16, 8], "texture": "#0"},
				"up": {"uv": [6, 6, 0, 0], "texture": "#0"},
				"down": {"uv": [8, 2, 2, 8], "texture": "#0"}
			}
		}
	],
	"groups": [
		{
			"name": "root",
			"origin": [8, 8, 8],
			"color": 0,
			"children": [0, 1, 2, 3, 4, 5, 6]
		}
	]
}