{
	"credit": "Made with Blockbench",
	"parent": "steam_block",
	"textures": {
		"0": "intricraft:blocks/steam_block",
		"particle": "intricraft:blocks/steam_block"
	},
	"elements": [
		{
			"from": [9, 3, 9],
			"to": [14, 7, 14],
			"faces": {
				"north": {"uv": [6, 0, 11, 4], "texture": "#0"},
				"east": {"uv": [6, 2, 11, 6], "texture": "#0"},
				"south": {"uv": [6, 4, 11, 8], "texture": "#0"},
				"west": {"uv": [6, 6, 11, 10], "texture": "#0"},
				"up": {"uv": [5, 5, 0, 0], "texture": "#0"},
				"down": {"uv": [5, 6, 0, 11], "texture": "#0"}
			}
		},
		{
			"from": [1, 1, 2],
			"to": [6, 5, 7],
			"faces": {
				"north": {"uv": [11, 4, 16, 8], "texture": "#0"},
				"east": {"uv": [3, 7, 8, 11], "texture": "#0"},
				"south": {"uv": [7, 5, 12, 9], "texture": "#0"},
				"west": {"uv": [9, 10, 14, 14], "texture": "#0"},
				"up": {"uv": [15, 5, 10, 0], "texture": "#0"},
				"down": {"uv": [7, 10, 2, 15], "texture": "#0"}
			}
		},
		{
			"from": [9, 0, 3],
			"to": [14, 4, 8],
			"faces": {
				"north": {"uv": [2, 1, 7, 5], "texture": "#0"},
				"east": {"uv": [11, 1, 16, 5], "texture": "#0"},
				"south": {"uv": [2, 2, 7, 6], "texture": "#0"},
				"west": {"uv": [2, 5, 7, 9], "texture": "#0"},
				"up": {"uv": [13, 11, 8, 6], "texture": "#0"},
				"down": {"uv": [13, 2, 8, 7], "texture": "#0"}
			}
		},
		{
			"from": [3, 3, 9],
			"to": [8, 6, 14],
			"faces": {
				"north": {"uv": [10, 1, 15, 4], "texture": "#0"},
				"east": {"uv": [10, 6, 15, 9], "texture": "#0"},
				"south": {"uv": [4, 7, 9, 10], "texture": "#0"},
				"west": {"uv": [9, 2, 14, 5], "texture": "#0"},
				"up": {"uv": [5, 14, 0, 9], "texture": "#0"},
				"down": {"uv": [14, 8, 9, 13], "texture": "#0"}
			}
		}
	],
	"groups": [
		{
			"name": "root",
			"origin": [8, 8, 8],
			"color": 0,
			"children": [0, 1, 2, 3]
		}
	]
}