{
	"credit": "Made with Blockbench",
	"parent": "steam_block",
	"textures": {
		"0": "intricraft:blocks/steam_block",
		"particle": "intricraft:blocks/steam_block"
	},
	"elements": [
		{
			"from": [0, 1, 9],
			"to": [7, 6, 16],
			"faces": {
				"north": {"uv": [6, 0, 12, 2], "texture": "#0"},
				"east": {"uv": [6, 2, 13, 7], "texture": "#0"},
				"south": {"uv": [6, 4, 13, 9], "texture": "#0"},
				"west": {"uv": [6, 6, 13, 11], "texture": "#0"},
				"up": {"uv": [7, 7, 0, 0], "texture": "#0"},
				"down": {"uv": [7, 6, 0, 13], "texture": "#0"}
			}
		},
		{
			"from": [6, 1, 1],
			"to": [13, 4, 5],
			"faces": {
				"north": {"uv": [6, 0, 13, 3], "texture": "#0"},
				"east": {"uv": [6, 2, 10, 5], "texture": "#0"},
				"south": {"uv": [6, 4, 12, 6], "texture": "#0"},
				"west": {"uv": [6, 6, 12, 8], "texture": "#0"},
				"up": {"uv": [6, 6, 0, 0], "texture": "#0"},
				"down": {"uv": [7, 6, 0, 10], "texture": "#0"}
			}
		},
		{
			"from": [10, 1, 12],
			"to": [16, 4, 16],
			"faces": {
				"north": {"uv": [6, 0, 12, 2], "texture": "#0"},
				"east": {"uv": [6, 2, 10, 5], "texture": "#0"},
				"south": {"uv": [6, 4, 12, 7], "texture": "#0"},
				"west": {"uv": [6, 6, 12, 8], "texture": "#0"},
				"up": {"uv": [6, 6, 0, 0], "texture": "#0"},
				"down": {"uv": [6, 6, 0, 12], "texture": "#0"}
			}
		},
		{
			"from": [9, 0, 2],
			"to": [16, 7, 10],
			"faces": {
				"north": {"uv": [6, 0, 13, 7], "texture": "#0"},
				"east": {"uv": [6, 2, 14, 9], "texture": "#0"},
				"south": {"uv": [6, 4, 12, 6], "texture": "#0"},
				"west": {"uv": [6, 6, 12, 8], "texture": "#0"},
				"up": {"uv": [7, 8, 0, 0], "texture": "#0"},
				"down": {"uv": [7, 6, 0, 14], "texture": "#0"}
			}
		},
		{
			"from": [3, 4, 3],
			"to": [12, 12, 11],
			"faces": {
				"north": {"uv": [6, 0, 15, 8], "texture": "#0"},
				"east": {"uv": [6, 2, 12, 10], "texture": "#0"},
				"south": {"uv": [6, 4, 12, 6], "texture": "#0"},
				"west": {"uv": [6, 6, 12, 14], "texture": "#0"},
				"up": {"uv": [9, 6, 0, 0], "texture": "#0"},
				"down": {"uv": [9, 6, 0, 12], "texture": "#0"}
			}
		},
		{
			"from": [5, 2, 9],
			"to": [15, 10, 15],
			"faces": {
				"north": {"uv": [6, 0, 12, 2], "texture": "#0"},
				"east": {"uv": [6, 2, 12, 10], "texture": "#0"},
				"south": {"uv": [6, 4, 16, 12], "texture": "#0"},
				"west": {"uv": [6, 6, 12, 14], "texture": "#0"},
				"up": {"uv": [10, 6, 0, 0], "texture": "#0"},
				"down": {"uv": [10, 6, 0, 12], "texture": "#0"}
			}
		},
		{
			"from": [1, 0, 1],
			"to": [6, 8, 9],
			"faces": {
				"north": {"uv": [6, 0, 11, 8], "texture": "#0"},
				"east": {"uv": [6, 2, 14, 10], "texture": "#0"},
				"south": {"uv": [6, 4, 12, 6], "texture": "#0"},
				"west": {"uv": [6, 6, 14, 14], "texture": "#0"},
				"up": {"uv": [5, 8, 0, 0], "texture": "#0"},
				"down": {"uv": [5, 6, 0, 14], "texture": "#0"}
			}
		}
	],
	"groups": [
		{
			"name": "root",
			"origin": [8, 8, 8],
			"color": 0,
			"children": [0, 1, 2, 3, 4, 5, 6]
		}
	]
}