{
  "schemaVersion": 1,
  "id": "intricraft",
  "version": "${version}",

  "name": "Intricraft",
  "description": "This mod aims to add complex thought-provoking automation and extend the end game while feeling vanilla. Inspired by nostalgia of the golden days of Tekkit.",
  "authors": [
    "CapnSloth"
  ],
  "contact": {
    "homepage": "https://fabricmc.net/",
    "sources": "https://github.com/FabricMC/fabric-example-mod"
  },

  "license": "CC0-1.0",
  "icon": "assets/intricraft/icon.png",

  "environment": "*",
  "entrypoints": {
    "main": [
      "com.capnsloth.intricraft.IntricraftMain"
    ],
    "client": [
      "com.capnsloth.intricraft.IntricraftClient"
    ]
  },
  "mixins": [
    "intricraft.mixins.json"
  ],

  "depends": {
    "fabricloader": ">=0.7.4",
    "fabric": "*",
    "minecraft": "1.16.x",
    "fabric-key-binding-api-v1": "*"
  },
  "suggests": {
    "another-mod": "*"
  }
}
