{
  "variants": {
    "triggered=false,facing=north": { "model": "intricraft:block/conveyor"},
    "triggered=false,facing=east":  { "model": "intricraft:block/conveyor", "y":  90},
    "triggered=false,facing=south": { "model": "intricraft:block/conveyor", "y": 180 },
    "triggered=false,facing=west":  { "model": "intricraft:block/conveyor", "y": 270 },
    "triggered=false,facing=up": { "model": "intricraft:block/conveyor"},
    "triggered=false,facing=down": { "model": "intricraft:block/conveyor"},

    "triggered=true,facing=north": { "model": "intricraft:block/conveyor_triggered"},
    "triggered=true,facing=east":  { "model": "intricraft:block/conveyor_triggered", "y":  90},
    "triggered=true,facing=south": { "model": "intricraft:block/conveyor_triggered", "y": 180},
    "triggered=true,facing=west":  { "model": "intricraft:block/conveyor_triggered", "y": 270},
    "triggered=true,facing=up": { "model": "intricraft:block/conveyor_triggered"},
    "triggered=true,facing=down": { "model": "intricraft:block/conveyor_triggered"}
  }
}