{
  "minecraft:recipes/decorations/smoker": {
    "criteria": {
      "has_furnace": "2021-06-30 10:40:18 +1000"
    },
    "done": true
  },
  "minecraft:recipes/misc/coal": {
    "criteria": {
      "has_coal_block": "2021-06-30 10:40:23 +1000"
    },
    "done": true
  },
  "minecraft:adventure/adventuring_time": {
    "criteria": {
      "minecraft:plains": "2021-06-30 10:40:12 +1000"
    },
    "done": false
  },
  "minecraft:story/root": {
    "criteria": {
      "crafting_table": "2021-06-30 10:40:12 +1000"
    },
    "done": true
  },
  "DataVersion": 2586
}