{
  "minecraft:recipes/decorations/campfire": {
    "criteria": {
      "has_coal": "2021-07-30 09:29:14 +1000"
    },
    "done": true
  },
  "minecraft:recipes/decorations/slime_block": {
    "criteria": {
      "has_slime_ball": "2021-07-30 09:29:14 +1000"
    },
    "done": true
  },
  "minecraft:recipes/redstone/sticky_piston": {
    "criteria": {
      "has_slime_ball": "2021-07-30 09:29:14 +1000"
    },
    "done": true
  },
  "minecraft:recipes/building_blocks/coal_block": {
    "criteria": {
      "has_coal": "2021-07-30 09:29:14 +1000"
    },
    "done": true
  },
  "minecraft:recipes/tools/lead": {
    "criteria": {
      "has_slime_ball": "2021-07-30 09:29:14 +1000"
    },
    "done": true
  },
  "minecraft:adventure/adventuring_time": {
    "criteria": {
      "minecraft:plains": "2021-07-30 09:29:14 +1000"
    },
    "done": false
  },
  "DataVersion": 2586
}