{
  "pools": [
    {
      "rolls": {
          "min": 5, "max": 12
      },
      "entries": [
        {"type": "item", "name": "minecraft:iron_ingot", "weight": 100},
        {"type": "item", "name": "minecraft:coal", "weight": 100},
        {"type": "item", "name": "minecraft:dispenser", "weight": 60},
        {"type": "item", "name": "minecraft:diamond", "weight": 40},
        {"type": "item", "name": "intricraft:jetpack_solid_fuel", "weight": 30},
        {"type": "item", "name": "minecraft:pumpkin_pie", "weight": 100},
        {"type": "item", "name": "minecraft:water_bucket", "weight": 60}
      ]
    }
  ]
}